{
    "model_info": {
        "architecture": "Custom CNN",
        "total_parameters": 8712810,
        "input_shape": [
            128,
            128,
            1
        ],
        "num_classes": 10
    },
    "dataset_info": {
        "total_images": 20000,
        "train_images": 14000,
        "val_images": 3000,
        "test_images": 3000
    },
    "test_metrics": {
        "accuracy": 0.999666690826416,
        "precision": 0.9996677740863789,
        "recall": 0.9996666666666667,
        "f1_score": 0.999666665740738,
        "loss": 0.0028727592434734106
    },
    "training_info": {
        "epochs_trained": 16,
        "batch_size": 32,
        "learning_rate": 0.001,
        "final_train_accuracy": 0.9933571219444275,
        "final_val_accuracy": 1.0,
        "best_val_accuracy": 1.0
    },
    "timestamp": "2026-01-03T02:04:47.875398"
}