epoch,accuracy,learning_rate,loss,precision,recall,val_accuracy,val_loss,val_precision,val_recall
0,0.5519999861717224,0.0010000000474974513,1.3838907480239868,0.6806067228317261,0.4487142860889435,0.1133333370089531,5.5907063484191895,0.1239606961607933,0.109333336353302
1,0.8754285573959351,0.0010000000474974513,0.3625599145889282,0.9023036360740662,0.8477143049240112,0.4423333406448364,3.2146966457366943,0.4736645519733429,0.42266666889190674
